avg_path_length,avg_stage2_count,count_INVALID_EDGE,count_MISSING_TARGET,count_SUCCESS,num_pairs,rate_INVALID_EDGE,rate_MISSING_TARGET,rate_SUCCESS,step,task_type
6.518518518518518,3.3185185185185184,15,75,45,135,0.1111111111111111,0.5555555555555556,0.3333333333333333,10000,s1s3
5.962962962962963,3.037037037037037,20,68,47,135,0.14814814814814814,0.5037037037037037,0.34814814814814815,20000,s1s3
